{
  "1000.0": {
    "exp+1": 0.04404381290078163,
    "exp+2": 0.06645982712507248,
    "exp-1": 0.010626912117004395,
    "exp-2": 0.00583648681640625,
    "exp0": 0.02197265625,
    "obs": 0.022262240019469866
  }
}