{
  "10000.0": {
    "exp+1": 0.10022968798875809,
    "exp+2": 0.15104863047599792,
    "exp-1": 0.02352529764175415,
    "exp-2": 0.01284027099609375,
    "exp0": 0.0498046875,
    "obs": 0.04965454980833587
  }
}