{
  "100.0": {
    "exp+1": 0.11496934294700623,
    "exp+2": 0.17326165735721588,
    "exp-1": 0.027316153049468994,
    "exp-2": 0.014728546142578125,
    "exp0": 0.05712890625,
    "obs": 0.05724617041349654
  }
}