{
  "1.0": {
    "exp+1": 0.8804489970207214,
    "exp+2": 1.3268585205078125,
    "exp-1": 0.20798873901367188,
    "exp-2": 0.111083984375,
    "exp0": 0.4375,
    "obs": 0.4369528481058225
  }
}