{
  "10.0": {
    "exp+1": 0.6603367328643799,
    "exp+2": 0.9951438903808594,
    "exp-1": 0.1559915542602539,
    "exp-2": 0.08331298828125,
    "exp0": 0.328125,
    "obs": 0.32767508394620076
  }
}